<?xml version="1.0" encoding="utf-8"?>
<PopoEmoticons>
    <Catalog Title="default">
        <Emoticon ID="emoticon_emoji_01" Tag="[可爱]" File="emoji_01.png" />
        <Emoticon ID="emoticon_emoji_0" Tag="[大笑]" File="emoji_00.png" />
        <Emoticon ID="emoticon_emoji_02" Tag="[色]" File="emoji_02.png" />
        <Emoticon ID="emoticon_emoji_03" Tag="[嘘]" File="emoji_03.png" />
        <Emoticon ID="emoticon_emoji_04" Tag="[亲]" File="emoji_04.png" />
        <Emoticon ID="emoticon_emoji_05" Tag="[呆]" File="emoji_05.png" />
        <Emoticon ID="emoticon_emoji_06" Tag="[口水]" File="emoji_06.png" />
        <Emoticon ID="emoticon_emoji_145" Tag="[汗]" File="emoji_145.png" />
        <Emoticon ID="emoticon_emoji_07" Tag="[呲牙]" File="emoji_07.png" />
        <Emoticon ID="emoticon_emoji_08" Tag="[鬼脸]" File="emoji_08.png" />
        <Emoticon ID="emoticon_emoji_09" Tag="[害羞]" File="emoji_09.png" />
        <Emoticon ID="emoticon_emoji_10" Tag="[偷笑]" File="emoji_10.png" />
        <Emoticon ID="emoticon_emoji_11" Tag="[调皮]" File="emoji_11.png" />
        <Emoticon ID="emoticon_emoji_12" Tag="[可怜]" File="emoji_12.png" />
        <Emoticon ID="emoticon_emoji_13" Tag="[敲]" File="emoji_13.png" />
        <Emoticon ID="emoticon_emoji_14" Tag="[惊讶]" File="emoji_14.png" />
        <Emoticon ID="emoticon_emoji_15" Tag="[流感]" File="emoji_15.png" />
        <Emoticon ID="emoticon_emoji_16" Tag="[委屈]" File="emoji_16.png" />
        <Emoticon ID="emoticon_emoji_17" Tag="[流泪]" File="emoji_17.png" />
        <Emoticon ID="emoticon_emoji_18" Tag="[嚎哭]" File="emoji_18.png" />
        <Emoticon ID="emoticon_emoji_19" Tag="[惊恐]" File="emoji_19.png" />
        <Emoticon ID="emoticon_emoji_20" Tag="[怒]" File="emoji_20.png" />
        <Emoticon ID="emoticon_emoji_21" Tag="[酷]" File="emoji_21.png" />
        <Emoticon ID="emoticon_emoji_22" Tag="[不说]" File="emoji_22.png" />
        <Emoticon ID="emoticon_emoji_23" Tag="[鄙视]" File="emoji_23.png" />
        <Emoticon ID="emoticon_emoji_24" Tag="[阿弥陀佛]" File="emoji_24.png" />
        <Emoticon ID="emoticon_emoji_25" Tag="[奸笑]" File="emoji_25.png" />
        <Emoticon ID="emoticon_emoji_26" Tag="[睡着]" File="emoji_26.png" />
        <Emoticon ID="emoticon_emoji_27" Tag="[口罩]" File="emoji_27.png" />
        <Emoticon ID="emoticon_emoji_28" Tag="[努力]" File="emoji_28.png" />
        <Emoticon ID="emoticon_emoji_29" Tag="[抠鼻孔]" File="emoji_29.png" />
        <Emoticon ID="emoticon_emoji_30" Tag="[疑问]" File="emoji_30.png" />
        <Emoticon ID="emoticon_emoji_31" Tag="[怒骂]" File="emoji_31.png" />
        <Emoticon ID="emoticon_emoji_32" Tag="[晕]" File="emoji_32.png" />
        <Emoticon ID="emoticon_emoji_33" Tag="[呕吐]" File="emoji_33.png" />
        <Emoticon ID="emoticon_emoji_160" Tag="[拜一拜]" File="emoji_160.png" />
        <Emoticon ID="emoticon_emoji_161" Tag="[惊喜]" File="emoji_161.png" />
        <Emoticon ID="emoticon_emoji_162" Tag="[流汗]" File="emoji_162.png" />
        <Emoticon ID="emoticon_emoji_163" Tag="[卖萌]" File="emoji_163.png" />
        <Emoticon ID="emoticon_emoji_164" Tag="[默契眨眼]" File="emoji_164.png" />
        <Emoticon ID="emoticon_emoji_165" Tag="[烧香拜佛]" File="emoji_165.png" />
        <Emoticon ID="emoticon_emoji_166" Tag="[晚安]" File="emoji_166.png" />
        <Emoticon ID="emoticon_emoji_34" Tag="[强]" File="emoji_34.png" />
        <Emoticon ID="emoticon_emoji_35" Tag="[弱]" File="emoji_35.png" />
        <Emoticon ID="emoticon_emoji_36" Tag="[OK]" File="emoji_36.png" />
        <Emoticon ID="emoticon_emoji_37" Tag="[拳头]" File="emoji_37.png" />
        <Emoticon ID="emoticon_emoji_38" Tag="[胜利]" File="emoji_38.png" />
        <Emoticon ID="emoticon_emoji_39" Tag="[鼓掌]" File="emoji_39.png" />
        <Emoticon ID="emoticon_emoji_167" Tag="[握手]" File="emoji_167.png" />
        <Emoticon ID="emoticon_emoji_40" Tag="[发怒]" File="emoji_40.png" />
        <Emoticon ID="emoticon_emoji_41" Tag="[骷髅]" File="emoji_41.png" />
        <Emoticon ID="emoticon_emoji_42" Tag="[便便]" File="emoji_42.png" />
        <Emoticon ID="emoticon_emoji_43" Tag="[火]" File="emoji_43.png" />
        <Emoticon ID="emoticon_emoji_44" Tag="[溜]" File="emoji_44.png" />
        <Emoticon ID="emoticon_emoji_45" Tag="[爱心]" File="emoji_45.png" />
        <Emoticon ID="emoticon_emoji_46" Tag="[心碎]" File="emoji_46.png" />
        <Emoticon ID="emoticon_emoji_47" Tag="[钟情]" File="emoji_47.png" />
        <Emoticon ID="emoticon_emoji_48" Tag="[唇]" File="emoji_48.png" />
        <Emoticon ID="emoticon_emoji_49" Tag="[戒指]" File="emoji_49.png" />
        <Emoticon ID="emoticon_emoji_50" Tag="[钻石]" File="emoji_50.png" />
        <Emoticon ID="emoticon_emoji_51" Tag="[太阳]" File="emoji_51.png" />
        <Emoticon ID="emoticon_emoji_52" Tag="[有时晴]" File="emoji_52.png" />
        <Emoticon ID="emoticon_emoji_53" Tag="[多云]" File="emoji_53.png" />
        <Emoticon ID="emoticon_emoji_54" Tag="[雷]" File="emoji_54.png" />
        <Emoticon ID="emoticon_emoji_55" Tag="[雨]" File="emoji_55.png" />
        <Emoticon ID="emoticon_emoji_56" Tag="[雪花]" File="emoji_56.png" />
        <Emoticon ID="emoticon_emoji_57" Tag="[爱人]" File="emoji_57.png" />
        <Emoticon ID="emoticon_emoji_58" Tag="[帽子]" File="emoji_58.png" />
        <Emoticon ID="emoticon_emoji_59" Tag="[皇冠]" File="emoji_59.png" />
        <Emoticon ID="emoticon_emoji_60" Tag="[篮球]" File="emoji_60.png" />
        <Emoticon ID="emoticon_emoji_61" Tag="[足球]" File="emoji_61.png" />
        <Emoticon ID="emoticon_emoji_62" Tag="[垒球]" File="emoji_62.png" />
        <Emoticon ID="emoticon_emoji_63" Tag="[网球]" File="emoji_63.png" />
        <Emoticon ID="emoticon_emoji_64" Tag="[台球]" File="emoji_64.png" />
        <Emoticon ID="emoticon_emoji_65" Tag="[咖啡]" File="emoji_65.png" />
        <Emoticon ID="emoticon_emoji_66" Tag="[啤酒]" File="emoji_66.png" />
        <Emoticon ID="emoticon_emoji_67" Tag="[干杯]" File="emoji_67.png" />
        <Emoticon ID="emoticon_emoji_68" Tag="[柠檬汁]" File="emoji_68.png" />
        <Emoticon ID="emoticon_emoji_69" Tag="[餐具]" File="emoji_69.png" />
        <Emoticon ID="emoticon_emoji_70" Tag="[汉堡]" File="emoji_70.png" />
        <Emoticon ID="emoticon_emoji_71" Tag="[鸡腿]" File="emoji_71.png" />
        <Emoticon ID="emoticon_emoji_72" Tag="[面条]" File="emoji_72.png" />
        <Emoticon ID="emoticon_emoji_73" Tag="[冰淇淋]" File="emoji_73.png" />
        <Emoticon ID="emoticon_emoji_74" Tag="[沙冰]" File="emoji_74.png" />
        <Emoticon ID="emoticon_emoji_75" Tag="[生日蛋糕]" File="emoji_75.png" />
        <Emoticon ID="emoticon_emoji_76" Tag="[蛋糕]" File="emoji_76.png" />
        <Emoticon ID="emoticon_emoji_77" Tag="[糖果]" File="emoji_77.png" />
        <Emoticon ID="emoticon_emoji_78" Tag="[葡萄]" File="emoji_78.png" />
        <Emoticon ID="emoticon_emoji_79" Tag="[西瓜]" File="emoji_79.png" />
        <Emoticon ID="emoticon_emoji_80" Tag="[光碟]" File="emoji_80.png" />
        <Emoticon ID="emoticon_emoji_81" Tag="[手机]" File="emoji_81.png" />
        <Emoticon ID="emoticon_emoji_82" Tag="[电话]" File="emoji_82.png" />
        <Emoticon ID="emoticon_emoji_83" Tag="[电视]" File="emoji_83.png" />
        <Emoticon ID="emoticon_emoji_84" Tag="[声音开启]" File="emoji_84.png" />
        <Emoticon ID="emoticon_emoji_85" Tag="[声音关闭]" File="emoji_85.png" />
        <Emoticon ID="emoticon_emoji_86" Tag="[铃铛]" File="emoji_86.png" />
        <Emoticon ID="emoticon_emoji_87" Tag="[锁头]" File="emoji_87.png" />
        <Emoticon ID="emoticon_emoji_88" Tag="[放大镜]" File="emoji_88.png" />
        <Emoticon ID="emoticon_emoji_89" Tag="[灯泡]" File="emoji_89.png" />
        <Emoticon ID="emoticon_emoji_90" Tag="[锤头]" File="emoji_90.png" />
        <Emoticon ID="emoticon_emoji_91" Tag="[烟]" File="emoji_91.png" />
        <Emoticon ID="emoticon_emoji_92" Tag="[炸弹]" File="emoji_92.png" />
        <Emoticon ID="emoticon_emoji_93" Tag="[枪]" File="emoji_93.png" />
        <Emoticon ID="emoticon_emoji_94" Tag="[刀]" File="emoji_94.png" />
        <Emoticon ID="emoticon_emoji_95" Tag="[药]" File="emoji_95.png" />
        <Emoticon ID="emoticon_emoji_96" Tag="[打针]" File="emoji_96.png" />
        <Emoticon ID="emoticon_emoji_97" Tag="[钱袋]" File="emoji_97.png" />
        <Emoticon ID="emoticon_emoji_98" Tag="[钞票]" File="emoji_98.png" />
        <Emoticon ID="emoticon_emoji_99" Tag="[银行卡]" File="emoji_99.png" />
        <Emoticon ID="emoticon_emoji_100" Tag="[手柄]" File="emoji_100.png" />
        <Emoticon ID="emoticon_emoji_101" Tag="[麻将]" File="emoji_101.png" />
        <Emoticon ID="emoticon_emoji_102" Tag="[调色板]" File="emoji_102.png" />
        <Emoticon ID="emoticon_emoji_103" Tag="[电影]" File="emoji_103.png" />
        <Emoticon ID="emoticon_emoji_104" Tag="[麦克风]" File="emoji_104.png" />
        <Emoticon ID="emoticon_emoji_105" Tag="[耳机]" File="emoji_105.png" />
        <Emoticon ID="emoticon_emoji_106" Tag="[音乐]" File="emoji_106.png" />
        <Emoticon ID="emoticon_emoji_107" Tag="[吉他]" File="emoji_107.png" />
        <Emoticon ID="emoticon_emoji_108" Tag="[火箭]" File="emoji_108.png" />
        <Emoticon ID="emoticon_emoji_109" Tag="[飞机]" File="emoji_109.png" />
        <Emoticon ID="emoticon_emoji_110" Tag="[火车]" File="emoji_110.png" />
        <Emoticon ID="emoticon_emoji_111" Tag="[公交]" File="emoji_111.png" />
        <Emoticon ID="emoticon_emoji_112" Tag="[轿车]" File="emoji_112.png" />
        <Emoticon ID="emoticon_emoji_113" Tag="[出租车]" File="emoji_113.png" />
        <Emoticon ID="emoticon_emoji_114" Tag="[警车]" File="emoji_114.png" />
        <Emoticon ID="emoticon_emoji_115" Tag="[自行车]" File="emoji_115.png" />
    </Catalog>
</PopoEmoticons>


